{"cameraMode":{"drawMode":0,"name":"Shaded","section":"Shading Mode"},"sceneLighting":true,"audioPlay":false,"sceneViewState":{"m_AlwaysRefresh":false,"showFog":true,"showSkybox":true,"showFlares":true,"showImageEffects":true,"showParticleSystems":true,"showVisualEffectGraphs":true,"m_FxEnabled":true},"in2DMode":false,"pivot":{"x":14.827235221862793,"y":-1.121605396270752,"z":22.040510177612306},"rotation":{"x":0.06257664412260056,"y":-0.533636212348938,"z":0.039562106132507327,"w":0.8425219655036926},"size":11.474443435668946,"orthographic":false}